Query,Baseline Response,RAG Response
What should I do when nobody listen to me?,"Thank you for sharing your concern with me. It can be incredibly frustrating when you feel like nobody is listening to you. Have you considered talking to your manager or HR department about the issue? They may be able to offer support and help resolve the situation. Alternatively, you could try reframing your message in a more concise and clear way to make sure it is heard. Additionally, it may be helpful to take a break from the situation and come back to it with fresh eyes. Remember, it's okay to ask for help and support when you need it. How would you like to proceed?","Of course, I'm here to help. It's completely understandable to feel unheard or ignored in a workplace setting, especially when you're trying to communicate your needs and feelings. Here are some strategies that may help you effectively communicate your needs and feelings in this situation:
1. Practice active listening: Make sure you're actively listening to your colleagues and superiors, and try to understand their perspective as well. This can help you identify potential areas of miscommunication and address them head-on.
2. Use ""I"" statements: Instead of blaming or accusing others, try using ""I"" statements to express your feelings. For example, ""I feel unheard when I bring up my ideas and they're not acknowledged"" rather than ""You never listen to me.""
3. Be specific: When communicating your needs and feelings, try to be as specific as possible. Instead of saying ""I need more support,"" say ""I need more support with project XYZ, specifically with task ABC.""
4. Seek support from multiple sources: Don't rely on just one person to listen to your concerns. Seek support from multiple sources, including colleagues,"
What should I do if I can do nothing?,"Ah, I see. Well, the situation you're describing can be quite challenging. It's important to recognize that there may be times when you cannot fix a problem or make it go away. In such cases, it's essential to focus on your own well-being and emotional resilience.

Here are some suggestions that may help:

1. Practice self-care: Engage in activities that help you relax and recharge, such as exercise, meditation, or spending time with loved ones.

2. Reframe your perspective: Instead of dwelling on the situation, try to see it as an opportunity to learn and grow. Reflect on what you can learn from the experience and how you can use it to improve your emotional intelligence and interpersonal skills.

3. Set boundaries: If the situation is causing you emotional distress, it may be necessary to set boundaries to protect yourself. This can involve having an open and honest conversation with the person involved, or seeking support from a trusted friend or mentor.

4. Seek support: Talk to a trusted friend, family member, or mental health professional about your concerns. They can offer emot","Of course, I'm here to help. It's completely understandable to feel stuck in a challenging situation, and I'm happy to offer some suggestions on how to navigate this.
Firstly, have you considered reaching out to a trusted friend, family member, or mental health professional for support? Talking through your feelings with someone who cares about you can be incredibly helpful in gaining perspective and feeling less alone.
If you're not comfortable reaching out to someone you know, there are also many anonymous support groups and hotlines available. These can provide a safe space to share your feelings and connect with others who may be going through similar experiences.
Another strategy you could try is practicing self-care. This can include engaging in activities that bring you joy, such as exercise, reading, or creative pursuits. It can also involve taking breaks from the situation that's causing you distress, and doing things that help you relax and recharge.
Finally, it might be helpful to try to reframe the situation in a more positive light. Instead of focusing on the fear and uncertainty, try to identify any potential opportunities for growth or learning. Sometimes, challenges can lead to"
